Workbook

Sheet Data
A1: Employee Dataset
A3: Employee | B3: Department | C3: Marks | D3: Salary | E3: Attendance
A4: Rahul | B4: IT | C4: 85 | D4: 45000 | E4: 0.92
A5: Priya | B5: HR | C5: 72 | D5: 38000 | E5: 0.85
A6: Aman | B6: IT | C6: 65 | D6: 42000 | E6: 0.78
A7: Neha | B7: Sales | C7: 91 | D7: 52000 | E7: 0.96
A8: Rohit | B8: HR | C8: 58 | D8: 35000 | E8: 0.72
A9: Simran | B9: IT | C9: 78 | D9: 48000 | E9: 0.88
A10: Karan | B10: Sales | C10: 69 | D10: 41000 | E10: 0.81
A11: Anjali | B11: HR | C11: 88 | D11: 46000 | E11: 0.94
A12: Vivek | B12: IT | C12: 95 | D12: 60000 | E12: 0.98
A13: Pooja | B13: Sales | C13: 74 | D13: 39000 | E13: 0.86

Sheet Per-Employee Answers
A1: Per-Employee Formula Results (IF, IFS, and Practical IF/AND/OR questions)
A3: Employee | B3: Department | C3: Marks | D3: Salary | E3: Attendance | F3: Q1: Pass/Fail | G3: Q2: Salary Level | H3: Q3: Eligibility | I3: Q4: Excellent/Good | J3: Q5: Technical | K3: Q6: Top Performer | L3: Q7: Marks Grade | M3: Q8: Salary Class | N3: Q9: Attendance Class | O3: Q10: Eligibility (Marks+Att.) | P3: Q11: Premium Tier | Q3: Q12: Performance Rating | R3: Q33: Selected/Rejected | S3: Q34: Bonus Eligible | T3: Q35: Priority/Normal | U3: Q36: Review Status
A4: =Data!A4 -> Rahul | B4: =Data!B4 -> IT | C4: =Data!C4 -> 85 | D4: =Data!D4 -> 45000 | E4: =Data!E4 -> 0.92 | F4: =IF(Data!C4>=40,"Pass","Fail") -> Pass | G4: =IF(Data!D4>45000,"High Salary","Normal Salary") -> Normal Salary | H4: =IF(Data!E4>=0.8,"Eligible","Not Eligible") -> Eligible | I4: =IF(Data!C4>=90,"Excellent","Good") -> Good | J4: =IF(Data!B4="IT","Technical","Non-Technical") -> Technical | K4: =IF(AND(Data!C4>=85,Data!E4>=0.9),"Top Performer","Standard") -> Top Performer | L4: =_xlfn.IFS(Data!C4>=90,"Excellent",Data!C4>=80,"Very Good",Data!C4>=70,"Good",Data!C4>=60,"Average",TRUE(),"Fail") -> Very Good | M4: =_xlfn.IFS(Data!D4>=50000,"A",Data!D4>=40000,"B",Data!D4>=35000,"C",TRUE(),"D") -> B | N4: =_xlfn.IFS(Data!E4>=0.9,"Excellent",Data!E4>=0.8,"Good",Data!E4>=0.75,"Average",TRUE(),"Poor") -> Excellent | O4: =IF(AND(Data!C4>=80,Data!E4>=0.85),"Eligible","Not Eligible") -> Eligible | P4: =_xlfn.IFS(AND(Data!B4="IT",Data!D4>=45000),"IT Premium",AND(Data!B4="HR",Data!D4>=40000),"HR Premium",TRUE(),"Regular") -> IT Premium | Q4: =_xlfn.IFS(Data!C4>=90,"Outstanding",Data!C4>=80,"Strong",Data!C4>=70,"Satisfactory",TRUE(),"Needs Improvement") -> Strong | R4: =IF(AND(Data!C4>=70,Data!E4>=0.8),"Selected","Rejected") -> Selected | S4: =IF(OR(Data!C4>=90,Data!E4>=0.95),"Bonus Eligible","Not Eligible") -> Not Eligible | T4: =IF(AND(Data!B4="IT",Data!C4>=80),"Priority","Normal") -> Priority | U4: =IF(OR(Data!C4<60,Data!E4<0.75),"Review Required","On Track") -> On Track
A5: =Data!A5 -> Priya | B5: =Data!B5 -> HR | C5: =Data!C5 -> 72 | D5: =Data!D5 -> 38000 | E5: =Data!E5 -> 0.85 | F5: =IF(Data!C5>=40,"Pass","Fail") -> Pass | G5: =IF(Data!D5>45000,"High Salary","Normal Salary") -> Normal Salary | H5: =IF(Data!E5>=0.8,"Eligible","Not Eligible") -> Eligible | I5: =IF(Data!C5>=90,"Excellent","Good") -> Good | J5: =IF(Data!B5="IT","Technical","Non-Technical") -> Non-Technical | K5: =IF(AND(Data!C5>=85,Data!E5>=0.9),"Top Performer","Standard") -> Standard | L5: =_xlfn.IFS(Data!C5>=90,"Excellent",Data!C5>=80,"Very Good",Data!C5>=70,"Good",Data!C5>=60,"Average",TRUE(),"Fail") -> Good | M5: =_xlfn.IFS(Data!D5>=50000,"A",Data!D5>=40000,"B",Data!D5>=35000,"C",TRUE(),"D") -> C | N5: =_xlfn.IFS(Data!E5>=0.9,"Excellent",Data!E5>=0.8,"Good",Data!E5>=0.75,"Average",TRUE(),"Poor") -> Good | O5: =IF(AND(Data!C5>=80,Data!E5>=0.85),"Eligible","Not Eligible") -> Not Eligible | P5: =_xlfn.IFS(AND(Data!B5="IT",Data!D5>=45000),"IT Premium",AND(Data!B5="HR",Data!D5>=40000),"HR Premium",TRUE(),"Regular") -> Regular | Q5: =_xlfn.IFS(Data!C5>=90,"Outstanding",Data!C5>=80,"Strong",Data!C5>=70,"Satisfactory",TRUE(),"Needs Improvement") -> Satisfactory | R5: =IF(AND(Data!C5>=70,Data!E5>=0.8),"Selected","Rejected") -> Selected | S5: =IF(OR(Data!C5>=90,Data!E5>=0.95),"Bonus Eligible","Not Eligible") -> Not Eligible | T5: =IF(AND(Data!B5="IT",Data!C5>=80),"Priority","Normal") -> Normal | U5: =IF(OR(Data!C5<60,Data!E5<0.75),"Review Required","On Track") -> On Track
A6: =Data!A6 -> Aman | B6: =Data!B6 -> IT | C6: =Data!C6 -> 65 | D6: =Data!D6 -> 42000 | E6: =Data!E6 -> 0.78 | F6: =IF(Data!C6>=40,"Pass","Fail") -> Pass | G6: =IF(Data!D6>45000,"High Salary","Normal Salary") -> Normal Salary | H6: =IF(Data!E6>=0.8,"Eligible","Not Eligible") -> Not Eligible | I6: =IF(Data!C6>=90,"Excellent","Good") -> Good | J6: =IF(Data!B6="IT","Technical","Non-Technical") -> Technical | K6: =IF(AND(Data!C6>=85,Data!E6>=0.9),"Top Performer","Standard") -> Standard | L6: =_xlfn.IFS(Data!C6>=90,"Excellent",Data!C6>=80,"Very Good",Data!C6>=70,"Good",Data!C6>=60,"Average",TRUE(),"Fail") -> Average | M6: =_xlfn.IFS(Data!D6>=50000,"A",Data!D6>=40000,"B",Data!D6>=35000,"C",TRUE(),"D") -> B | N6: =_xlfn.IFS(Data!E6>=0.9,"Excellent",Data!E6>=0.8,"Good",Data!E6>=0.75,"Average",TRUE(),"Poor") -> Average | O6: =IF(AND(Data!C6>=80,Data!E6>=0.85),"Eligible","Not Eligible") -> Not Eligible | P6: =_xlfn.IFS(AND(Data!B6="IT",Data!D6>=45000),"IT Premium",AND(Data!B6="HR",Data!D6>=40000),"HR Premium",TRUE(),"Regular") -> Regular | Q6: =_xlfn.IFS(Data!C6>=90,"Outstanding",Data!C6>=80,"Strong",Data!C6>=70,"Satisfactory",TRUE(),"Needs Improvement") -> Needs Improvement | R6: =IF(AND(Data!C6>=70,Data!E6>=0.8),"Selected","Rejected") -> Rejected | S6: =IF(OR(Data!C6>=90,Data!E6>=0.95),"Bonus Eligible","Not Eligible") -> Not Eligible | T6: =IF(AND(Data!B6="IT",Data!C6>=80),"Priority","Normal") -> Normal | U6: =IF(OR(Data!C6<60,Data!E6<0.75),"Review Required","On Track") -> On Track
A7: =Data!A7 -> Neha | B7: =Data!B7 -> Sales | C7: =Data!C7 -> 91 | D7: =Data!D7 -> 52000 | E7: =Data!E7 -> 0.96 | F7: =IF(Data!C7>=40,"Pass","Fail") -> Pass | G7: =IF(Data!D7>45000,"High Salary","Normal Salary") -> High Salary | H7: =IF(Data!E7>=0.8,"Eligible","Not Eligible") -> Eligible | I7: =IF(Data!C7>=90,"Excellent","Good") -> Excellent | J7: =IF(Data!B7="IT","Technical","Non-Technical") -> Non-Technical | K7: =IF(AND(Data!C7>=85,Data!E7>=0.9),"Top Performer","Standard") -> Top Performer | L7: =_xlfn.IFS(Data!C7>=90,"Excellent",Data!C7>=80,"Very Good",Data!C7>=70,"Good",Data!C7>=60,"Average",TRUE(),"Fail") -> Excellent | M7: =_xlfn.IFS(Data!D7>=50000,"A",Data!D7>=40000,"B",Data!D7>=35000,"C",TRUE(),"D") -> A | N7: =_xlfn.IFS(Data!E7>=0.9,"Excellent",Data!E7>=0.8,"Good",Data!E7>=0.75,"Average",TRUE(),"Poor") -> Excellent | O7: =IF(AND(Data!C7>=80,Data!E7>=0.85),"Eligible","Not Eligible") -> Eligible | P7: =_xlfn.IFS(AND(Data!B7="IT",Data!D7>=45000),"IT Premium",AND(Data!B7="HR",Data!D7>=40000),"HR Premium",TRUE(),"Regular") -> Regular | Q7: =_xlfn.IFS(Data!C7>=90,"Outstanding",Data!C7>=80,"Strong",Data!C7>=70,"Satisfactory",TRUE(),"Needs Improvement") -> Outstanding | R7: =IF(AND(Data!C7>=70,Data!E7>=0.8),"Selected","Rejected") -> Selected | S7: =IF(OR(Data!C7>=90,Data!E7>=0.95),"Bonus Eligible","Not Eligible") -> Bonus Eligible | T7: =IF(AND(Data!B7="IT",Data!C7>=80),"Priority","Normal") -> Normal | U7: =IF(OR(Data!C7<60,Data!E7<0.75),"Review Required","On Track") -> On Track
A8: =Data!A8 -> Rohit | B8: =Data!B8 -> HR | C8: =Data!C8 -> 58 | D8: =Data!D8 -> 35000 | E8: =Data!E8 -> 0.72 | F8: =IF(Data!C8>=40,"Pass","Fail") -> Pass | G8: =IF(Data!D8>45000,"High Salary","Normal Salary") -> Normal Salary | H8: =IF(Data!E8>=0.8,"Eligible","Not Eligible") -> Not Eligible | I8: =IF(Data!C8>=90,"Excellent","Good") -> Good | J8: =IF(Data!B8="IT","Technical","Non-Technical") -> Non-Technical | K8: =IF(AND(Data!C8>=85,Data!E8>=0.9),"Top Performer","Standard") -> Standard | L8: =_xlfn.IFS(Data!C8>=90,"Excellent",Data!C8>=80,"Very Good",Data!C8>=70,"Good",Data!C8>=60,"Average",TRUE(),"Fail") -> Fail | M8: =_xlfn.IFS(Data!D8>=50000,"A",Data!D8>=40000,"B",Data!D8>=35000,"C",TRUE(),"D") -> C | N8: =_xlfn.IFS(Data!E8>=0.9,"Excellent",Data!E8>=0.8,"Good",Data!E8>=0.75,"Average",TRUE(),"Poor") -> Poor | O8: =IF(AND(Data!C8>=80,Data!E8>=0.85),"Eligible","Not Eligible") -> Not Eligible | P8: =_xlfn.IFS(AND(Data!B8="IT",Data!D8>=45000),"IT Premium",AND(Data!B8="HR",Data!D8>=40000),"HR Premium",TRUE(),"Regular") -> Regular | Q8: =_xlfn.IFS(Data!C8>=90,"Outstanding",Data!C8>=80,"Strong",Data!C8>=70,"Satisfactory",TRUE(),"Needs Improvement") -> Needs Improvement | R8: =IF(AND(Data!C8>=70,Data!E8>=0.8),"Selected","Rejected") -> Rejected | S8: =IF(OR(Data!C8>=90,Data!E8>=0.95),"Bonus Eligible","Not Eligible") -> Not Eligible | T8: =IF(AND(Data!B8="IT",Data!C8>=80),"Priority","Normal") -> Normal | U8: =IF(OR(Data!C8<60,Data!E8<0.75),"Review Required","On Track") -> Review Required
A9: =Data!A9 -> Simran | B9: =Data!B9 -> IT | C9: =Data!C9 -> 78 | D9: =Data!D9 -> 48000 | E9: =Data!E9 -> 0.88 | F9: =IF(Data!C9>=40,"Pass","Fail") -> Pass | G9: =IF(Data!D9>45000,"High Salary","Normal Salary") -> High Salary | H9: =IF(Data!E9>=0.8,"Eligible","Not Eligible") -> Eligible | I9: =IF(Data!C9>=90,"Excellent","Good") -> Good | J9: =IF(Data!B9="IT","Technical","Non-Technical") -> Technical | K9: =IF(AND(Data!C9>=85,Data!E9>=0.9),"Top Performer","Standard") -> Standard | L9: =_xlfn.IFS(Data!C9>=90,"Excellent",Data!C9>=80,"Very Good",Data!C9>=70,"Good",Data!C9>=60,"Average",TRUE(),"Fail") -> Good | M9: =_xlfn.IFS(Data!D9>=50000,"A",Data!D9>=40000,"B",Data!D9>=35000,"C",TRUE(),"D") -> B | N9: =_xlfn.IFS(Data!E9>=0.9,"Excellent",Data!E9>=0.8,"Good",Data!E9>=0.75,"Average",TRUE(),"Poor") -> Good | O9: =IF(AND(Data!C9>=80,Data!E9>=0.85),"Eligible","Not Eligible") -> Not Eligible | P9: =_xlfn.IFS(AND(Data!B9="IT",Data!D9>=45000),"IT Premium",AND(Data!B9="HR",Data!D9>=40000),"HR Premium",TRUE(),"Regular") -> IT Premium | Q9: =_xlfn.IFS(Data!C9>=90,"Outstanding",Data!C9>=80,"Strong",Data!C9>=70,"Satisfactory",TRUE(),"Needs Improvement") -> Satisfactory | R9: =IF(AND(Data!C9>=70,Data!E9>=0.8),"Selected","Rejected") -> Selected | S9: =IF(OR(Data!C9>=90,Data!E9>=0.95),"Bonus Eligible","Not Eligible") -> Not Eligible | T9: =IF(AND(Data!B9="IT",Data!C9>=80),"Priority","Normal") -> Normal | U9: =IF(OR(Data!C9<60,Data!E9<0.75),"Review Required","On Track") -> On Track
A10: =Data!A10 -> Karan | B10: =Data!B10 -> Sales | C10: =Data!C10 -> 69 | D10: =Data!D10 -> 41000 | E10: =Data!E10 -> 0.81 | F10: =IF(Data!C10>=40,"Pass","Fail") -> Pass | G10: =IF(Data!D10>45000,"High Salary","Normal Salary") -> Normal Salary | H10: =IF(Data!E10>=0.8,"Eligible","Not Eligible") -> Eligible | I10: =IF(Data!C10>=90,"Excellent","Good") -> Good | J10: =IF(Data!B10="IT","Technical","Non-Technical") -> Non-Technical | K10: =IF(AND(Data!C10>=85,Data!E10>=0.9),"Top Performer","Standard") -> Standard | L10: =_xlfn.IFS(Data!C10>=90,"Excellent",Data!C10>=80,"Very Good",Data!C10>=70,"Good",Data!C10>=60,"Average",TRUE(),"Fail") -> Average | M10: =_xlfn.IFS(Data!D10>=50000,"A",Data!D10>=40000,"B",Data!D10>=35000,"C",TRUE(),"D") -> B | N10: =_xlfn.IFS(Data!E10>=0.9,"Excellent",Data!E10>=0.8,"Good",Data!E10>=0.75,"Average",TRUE(),"Poor") -> Good | O10: =IF(AND(Data!C10>=80,Data!E10>=0.85),"Eligible","Not Eligible") -> Not Eligible | P10: =_xlfn.IFS(AND(Data!B10="IT",Data!D10>=45000),"IT Premium",AND(Data!B10="HR",Data!D10>=40000),"HR Premium",TRUE(),"Regular") -> Regular | Q10: =_xlfn.IFS(Data!C10>=90,"Outstanding",Data!C10>=80,"Strong",Data!C10>=70,"Satisfactory",TRUE(),"Needs Improvement") -> Needs Improvement | R10: =IF(AND(Data!C10>=70,Data!E10>=0.8),"Selected","Rejected") -> Rejected | S10: =IF(OR(Data!C10>=90,Data!E10>=0.95),"Bonus Eligible","Not Eligible") -> Not Eligible | T10: =IF(AND(Data!B10="IT",Data!C10>=80),"Priority","Normal") -> Normal | U10: =IF(OR(Data!C10<60,Data!E10<0.75),"Review Required","On Track") -> On Track
A11: =Data!A11 -> Anjali | B11: =Data!B11 -> HR | C11: =Data!C11 -> 88 | D11: =Data!D11 -> 46000 | E11: =Data!E11 -> 0.94 | F11: =IF(Data!C11>=40,"Pass","Fail") -> Pass | G11: =IF(Data!D11>45000,"High Salary","Normal Salary") -> High Salary | H11: =IF(Data!E11>=0.8,"Eligible","Not Eligible") -> Eligible | I11: =IF(Data!C11>=90,"Excellent","Good") -> Good | J11: =IF(Data!B11="IT","Technical","Non-Technical") -> Non-Technical | K11: =IF(AND(Data!C11>=85,Data!E11>=0.9),"Top Performer","Standard") -> Top Performer | L11: =_xlfn.IFS(Data!C11>=90,"Excellent",Data!C11>=80,"Very Good",Data!C11>=70,"Good",Data!C11>=60,"Average",TRUE(),"Fail") -> Very Good | M11: =_xlfn.IFS(Data!D11>=50000,"A",Data!D11>=40000,"B",Data!D11>=35000,"C",TRUE(),"D") -> B | N11: =_xlfn.IFS(Data!E11>=0.9,"Excellent",Data!E11>=0.8,"Good",Data!E11>=0.75,"Average",TRUE(),"Poor") -> Excellent | O11: =IF(AND(Data!C11>=80,Data!E11>=0.85),"Eligible","Not Eligible") -> Eligible | P11: =_xlfn.IFS(AND(Data!B11="IT",Data!D11>=45000),"IT Premium",AND(Data!B11="HR",Data!D11>=40000),"HR Premium",TRUE(),"Regular") -> HR Premium | Q11: =_xlfn.IFS(Data!C11>=90,"Outstanding",Data!C11>=80,"Strong",Data!C11>=70,"Satisfactory",TRUE(),"Needs Improvement") -> Strong | R11: =IF(AND(Data!C11>=70,Data!E11>=0.8),"Selected","Rejected") -> Selected | S11: =IF(OR(Data!C11>=90,Data!E11>=0.95),"Bonus Eligible","Not Eligible") -> Not Eligible | T11: =IF(AND(Data!B11="IT",Data!C11>=80),"Priority","Normal") -> Normal | U11: =IF(OR(Data!C11<60,Data!E11<0.75),"Review Required","On Track") -> On Track
A12: =Data!A12 -> Vivek | B12: =Data!B12 -> IT | C12: =Data!C12 -> 95 | D12: =Data!D12 -> 60000 | E12: =Data!E12 -> 0.98 | F12: =IF(Data!C12>=40,"Pass","Fail") -> Pass | G12: =IF(Data!D12>45000,"High Salary","Normal Salary") -> High Salary | H12: =IF(Data!E12>=0.8,"Eligible","Not Eligible") -> Eligible | I12: =IF(Data!C12>=90,"Excellent","Good") -> Excellent | J12: =IF(Data!B12="IT","Technical","Non-Technical") -> Technical | K12: =IF(AND(Data!C12>=85,Data!E12>=0.9),"Top Performer","Standard") -> Top Performer | L12: =_xlfn.IFS(Data!C12>=90,"Excellent",Data!C12>=80,"Very Good",Data!C12>=70,"Good",Data!C12>=60,"Average",TRUE(),"Fail") -> Excellent | M12: =_xlfn.IFS(Data!D12>=50000,"A",Data!D12>=40000,"B",Data!D12>=35000,"C",TRUE(),"D") -> A | N12: =_xlfn.IFS(Data!E12>=0.9,"Excellent",Data!E12>=0.8,"Good",Data!E12>=0.75,"Average",TRUE(),"Poor") -> Excellent | O12: =IF(AND(Data!C12>=80,Data!E12>=0.85),"Eligible","Not Eligible") -> Eligible | P12: =_xlfn.IFS(AND(Data!B12="IT",Data!D12>=45000),"IT Premium",AND(Data!B12="HR",Data!D12>=40000),"HR Premium",TRUE(),"Regular") -> IT Premium | Q12: =_xlfn.IFS(Data!C12>=90,"Outstanding",Data!C12>=80,"Strong",Data!C12>=70,"Satisfactory",TRUE(),"Needs Improvement") -> Outstanding | R12: =IF(AND(Data!C12>=70,Data!E12>=0.8),"Selected","Rejected") -> Selected | S12: =IF(OR(Data!C12>=90,Data!E12>=0.95),"Bonus Eligible","Not Eligible") -> Bonus Eligible | T12: =IF(AND(Data!B12="IT",Data!C12>=80),"Priority","Normal") -> Priority | U12: =IF(OR(Data!C12<60,Data!E12<0.75),"Review Required","On Track") -> On Track
A13: =Data!A13 -> Pooja | B13: =Data!B13 -> Sales | C13: =Data!C13 -> 74 | D13: =Data!D13 -> 39000 | E13: =Data!E13 -> 0.86 | F13: =IF(Data!C13>=40,"Pass","Fail") -> Pass | G13: =IF(Data!D13>45000,"High Salary","Normal Salary") -> Normal Salary | H13: =IF(Data!E13>=0.8,"Eligible","Not Eligible") -> Eligible | I13: =IF(Data!C13>=90,"Excellent","Good") -> Good | J13: =IF(Data!B13="IT","Technical","Non-Technical") -> Non-Technical | K13: =IF(AND(Data!C13>=85,Data!E13>=0.9),"Top Performer","Standard") -> Standard | L13: =_xlfn.IFS(Data!C13>=90,"Excellent",Data!C13>=80,"Very Good",Data!C13>=70,"Good",Data!C13>=60,"Average",TRUE(),"Fail") -> Good | M13: =_xlfn.IFS(Data!D13>=50000,"A",Data!D13>=40000,"B",Data!D13>=35000,"C",TRUE(),"D") -> C | N13: =_xlfn.IFS(Data!E13>=0.9,"Excellent",Data!E13>=0.8,"Good",Data!E13>=0.75,"Average",TRUE(),"Poor") -> Good | O13: =IF(AND(Data!C13>=80,Data!E13>=0.85),"Eligible","Not Eligible") -> Not Eligible | P13: =_xlfn.IFS(AND(Data!B13="IT",Data!D13>=45000),"IT Premium",AND(Data!B13="HR",Data!D13>=40000),"HR Premium",TRUE(),"Regular") -> Regular | Q13: =_xlfn.IFS(Data!C13>=90,"Outstanding",Data!C13>=80,"Strong",Data!C13>=70,"Satisfactory",TRUE(),"Needs Improvement") -> Satisfactory | R13: =IF(AND(Data!C13>=70,Data!E13>=0.8),"Selected","Rejected") -> Selected | S13: =IF(OR(Data!C13>=90,Data!E13>=0.95),"Bonus Eligible","Not Eligible") -> Not Eligible | T13: =IF(AND(Data!B13="IT",Data!C13>=80),"Priority","Normal") -> Normal | U13: =IF(OR(Data!C13<60,Data!E13<0.75),"Review Required","On Track") -> On Track

Sheet Summary Answers
A1: COUNTIF, SUMIF & Practical Combined Questions
A3: Q# | B3: Question | C3: Formula | D3: Result
A4: 13 | B4: How many employees are in the IT department? | C4: COUNTIF(Data!B4:B13,"IT") | D4: =COUNTIF(Data!B4:B13,"IT") -> 4
A5: 14 | B5: How many employees scored 80 or above? | C5: COUNTIF(Data!C4:C13,">=80") | D5: =COUNTIF(Data!C4:C13,">=80") -> 4
A6: 15 | B6: How many employees earn more than 40,000? | C6: COUNTIF(Data!D4:D13,">40000") | D6: =COUNTIF(Data!D4:D13,">40000") -> 7
A7: 16 | B7: How many employees have Attendance of 90% or above? | C7: COUNTIF(Data!E4:E13,">=0.9") | D7: =COUNTIF(Data!E4:E13,">=0.9") -> 4
A8: 17 | B8: How many employees are in HR? | C8: COUNTIF(Data!B4:B13,"HR") | D8: =COUNTIF(Data!B4:B13,"HR") -> 3
A9: 18 | B9: How many employees scored below 60? | C9: COUNTIF(Data!C4:C13,"<60") | D9: =COUNTIF(Data!C4:C13,"<60") -> 1
A10: 19 | B10: How many employees earn exactly 45,000? | C10: COUNTIF(Data!D4:D13,45000) | D10: =COUNTIF(Data!D4:D13,45000) -> 1
A11: 20 | B11: How many employee names start with the letter "A"? | C11: COUNTIF(Data!A4:A13,"A*") | D11: =COUNTIF(Data!A4:A13,"A*") -> 2
A12: 21 | B12: How many employees are not in the Sales department? | C12: COUNTIF(Data!B4:B13,"<>Sales") | D12: =COUNTIF(Data!B4:B13,"<>Sales") -> 7
A13: 22 | B13: Total Salary of IT employees. | C13: SUMIF(Data!B4:B13,"IT",Data!D4:D13) | D13: =SUMIF(Data!B4:B13,"IT",Data!D4:D13) -> 195000
A14: 23 | B14: Total Salary of HR employees. | C14: SUMIF(Data!B4:B13,"HR",Data!D4:D13) | D14: =SUMIF(Data!B4:B13,"HR",Data!D4:D13) -> 119000
A15: 24 | B15: Total Salary of Sales employees. | C15: SUMIF(Data!B4:B13,"Sales",Data!D4:D13) | D15: =SUMIF(Data!B4:B13,"Sales",Data!D4:D13) -> 132000
A16: 25 | B16: Total Salary of employees who scored 80 or above. | C16: SUMIF(Data!C4:C13,">=80",Data!D4:D13) | D16: =SUMIF(Data!C4:C13,">=80",Data!D4:D13) -> 203000
A17: 26 | B17: Total Marks of employees whose Attendance is 90% or above. | C17: SUMIF(Data!E4:E13,">=0.9",Data!C4:C13) | D17: =SUMIF(Data!E4:E13,">=0.9",Data!C4:C13) -> 359
A18: 27 | B18: Total Marks of employees earning more than 40,000. | C18: SUMIF(Data!D4:D13,">40000",Data!C4:C13) | D18: =SUMIF(Data!D4:D13,">40000",Data!C4:C13) -> 571
A19: 28 | B19: Total Marks of IT employees. | C19: SUMIF(Data!B4:B13,"IT",Data!C4:C13) | D19: =SUMIF(Data!B4:B13,"IT",Data!C4:C13) -> 323
A20: 29 | B20: Total Salary of employees who scored below 70. | C20: SUMIF(Data!C4:C13,"<70",Data!D4:D13) | D20: =SUMIF(Data!C4:C13,"<70",Data!D4:D13) -> 118000
A21: 30 | B21: COUNTIF+IF: Count IT employees; if >3 show "Large Team" else "Small Team". | C21: IF(COUNTIF(Data!B4:B13,"IT")>3,"Large Team","Small Team") | D21: =IF(COUNTIF(Data!B4:B13,"IT")>3,"Large Team","Small Team") -> Large Team
A22: 31 | B22: SUMIF+IF: Total IT payroll; if >150,000 show "High Payroll" else "Low Payroll". | C22: IF(SUMIF(Data!B4:B13,"IT",Data!D4:D13)>150000,"High Payroll","Low Payroll") | D22: =IF(SUMIF(Data!B4:B13,"IT",Data!D4:D13)>150000,"High Payroll","Low Payroll") -> High Payroll
A23: 32 | B23: COUNTIF+IFS: Classify count of employees scoring 80+ (5+ Excellent, 3-4 Good, 1-2 Average, 0 Poor). | C23: _xlfn.IFS(COUNTIF(Data!C4:C13,">=80")>=5,"Excellent",COUNTIF(Data!C4:C13,">=80")>=3,"Good",COUNTIF(Data!C4:C13,">=80")>=1,"Average",TRUE,"Poor") | D23: =_xlfn.IFS(COUNTIF(Data!C4:C13,">=80")>=5,"Excellent",COUNTIF(Data!C4:C13,">=80")>=3,"Good",COUNTIF(Data!C4:C13,">=80")>=1,"Average",TRUE(),"Poor") -> Good
